{
  "accuracy": 0.9626865671641791,
  "macro_f1": 0.9623320402541182,
  "brier": 0.07708919419214641,
  "n": 268,
  "per_class": {
    "Opinion": {
      "precision": 0.9659863945578231,
      "recall": 0.9659863945578231,
      "f1": 0.9659863945578231,
      "support": 147
    },
    "Fact": {
      "precision": 0.9586776859504132,
      "recall": 0.9586776859504132,
      "f1": 0.9586776859504132,
      "support": 121
    }
  },
  "confusion": [
    [
      142,
      5
    ],
    [
      5,
      116
    ]
  ],
  "confidence_by_true": {
    "Opinion": 0.25795607231660034,
    "Fact": 0.762136327886742
  }
}