{
  "accuracy": 0.9405204460966543,
  "macro_f1": 0.9400022304003569,
  "brier": 0.08078574080538696,
  "n": 269,
  "per_class": {
    "Opinion": {
      "precision": 0.952054794520548,
      "recall": 0.9391891891891891,
      "f1": 0.9455782312925171,
      "support": 148
    },
    "Fact": {
      "precision": 0.926829268292683,
      "recall": 0.9421487603305785,
      "f1": 0.9344262295081968,
      "support": 121
    }
  },
  "confusion": [
    [
      139,
      9
    ],
    [
      7,
      114
    ]
  ],
  "confidence_by_true": {
    "Opinion": 0.2697279724419772,
    "Fact": 0.7660644240370376
  }
}