{
  "baseline_test": {
    "accuracy": 0.9405204460966543,
    "macro_f1": 0.9400022304003569,
    "brier": 0.08078574080538696,
    "n": 269,
    "per_class": {
      "Opinion": {
        "precision": 0.952054794520548,
        "recall": 0.9391891891891891,
        "f1": 0.9455782312925171,
        "support": 148
      },
      "Fact": {
        "precision": 0.926829268292683,
        "recall": 0.9421487603305785,
        "f1": 0.9344262295081968,
        "support": 121
      }
    },
    "confusion": [
      [
        139,
        9
      ],
      [
        7,
        114
      ]
    ],
    "confidence_by_true": {
      "Opinion": 0.2697279724419772,
      "Fact": 0.7660644240370376
    }
  },
  "llm_test": {
    "accuracy": 0.5,
    "macro_f1": 0.38440492476060195,
    "brier": 0.4455416666666666,
    "n": 60,
    "per_class": {
      "Opinion": {
        "precision": 1.0,
        "recall": 0.0625,
        "f1": 0.11764705882352941,
        "support": 32
      },
      "Fact": {
        "precision": 0.4827586206896552,
        "recall": 1.0,
        "f1": 0.6511627906976745,
        "support": 28
      }
    },
    "confusion": [
      [
        2,
        30
      ],
      [
        0,
        28
      ]
    ],
    "confidence_by_true": {
      "Opinion": 0.9062499999999999,
      "Fact": 0.9732142857142856
    },
    "valid_ratio": 0.9666666666666667,
    "samples": 60,
    "model_id": "Qwen/Qwen2.5-0.5B-Instruct"
  }
}